<?xml version="1.0" encoding="UTF-8"?>
<!DOCTYPE log4j:configuration PUBLIC "-//APACHE//DTD LOG4J 1.2//EN" "log4j.dtd">
<log4j:configuration xmlns:log4j="http://jakarta.apache.org/log4j/">

	<!-- Appenders -->
	<appender name="console" class="org.apache.log4j.ConsoleAppender">
		<param name="Target" value="System.out" />
		<layout class="org.apache.log4j.PatternLayout">
			<param name="ConversionPattern" value="%-5p: %c - %m%n" />
		</layout>
	</appender>
	
	<!-- Application Loggers -->
	<logger name="com.suje.main">
		<level value="TRACE" />
	</logger>
	
	<!-- 3rdparty Loggers -->
	<logger name="org.springframework.core">
		<level value="info" />
	</logger>
	
	<logger name="org.springframework.beans">
		<level value="info" />
	</logger>
	
	<logger name="org.springframework.context">
		<level value="info" />
	</logger>

	<logger name="org.springframework.web">
		<level value="info" />
	</logger>
	
	<!-- SQL 로그 출력을 위한 설정 추가 시작 -->
	
	<!-- SQL문만을 로그로 남기며, PreparedStatement일 경우 관련된 argument 값으로 대체된 SQL문이 보여진다--> 
	<logger name="jdbc.sqlonly" additivity="false">
		<level value="info"/> 
		<appender-ref ref="console"/> 
	</logger>
	
	<!-- SQL문과 해당 SQL을 실행시키는데 수행된 시간 정보(milliseconds)를 포함한다. -->
	<logger name="jdbc.sqltiming" additivity="false">
		<level value="warn" />
		<appender-ref ref="console"/> 
	</logger>
	
	<!-- ResultSet을 제외한 모든 JDBC 호출 정보를 로그로 남김모든(많은 양) 로그가 생성 되므로 필요시만 사용, 사용 권장 X -->
<!-- 	<logger name="jdbc.audit" additivity="false"> 
		<level value="warn"/>  
		<appender-ref ref="console"/> 
	</logger>  -->

	<!-- ResultSet을 포함한 모든 JDBC 호출 정보를 로그로 남김많은 양의 로그가 생성 되므로 필요시만 사용 -->
	<logger name="jdbc.resultset" additivity="false">
		<level value="warn" />
		<appender-ref ref="console"/> 
	</logger>
	
	<!-- SQL 결과 조회된 데이터의 table을 로그로 남김. -->
	<logger name="jdbc.resultsettable" additivity="false"> 
		<level value="info"/>  
		<appender-ref ref="console"/> 
	</logger> 
<!-- SQL 로그 출력을 위한 설정 추가 끝 -->


	<!-- Root Logger -->
	<root>
		<priority value="TRACE" />
		<appender-ref ref="console" />
	</root>
	
</log4j:configuration>
