<?xml version="1.0" encoding="UTF-8"?>
<!DOCTYPE mapper PUBLIC "-//mybatis.org//DTD Mapper 3.0//EN"
"http://mybatis.org/dtd/mybatis-3-mapper.dtd">

<mapper namespace="AdminManageDao">

	<!-- getStoreList : 전체 스토어 입점신청 테이블 호출 -->
	<resultMap id="storeResult" type="AdminManageVO">
		<result property="sa_code" column="sa_code" />
		<result property="s_id" column="s_id" />
		<result property="catem_name" column="catem_name" />
		<result property="s_name" column="s_name" />
		<result property="s_bnum" column="s_bnum" />
		<result property="sa_ck" column="sa_ck" />
		<result property="sa_content" column="sa_content" />
		<result property="sa_date" column="sa_date" />
		<result property="rnum" column="rnum" />
	</resultMap>
	<select id="getStoreList" parameterType="AdminManageVO" resultMap="storeResult" >
		<![CDATA[
		SELECT *
		FROM ( SELECT t.*, rownum AS rnum 
			   FROM ( SELECT a.sa_code, s.s_id, m.catem_name, s.s_name, s.s_bnum, a.sa_ck, a.sa_content, a.sa_date
					  FROM store s, store_avail a, cate_main m
					  WHERE s.s_id=a.s_id AND s.catem_code=m.catem_code
		ORDER BY a.sa_code desc, a.sa_date desc ) t 
		) WHERE rnum >= #{firstNum} AND rnum <= #{endNum}
		ORDER BY sa_code DESC
		]]>
	</select>

	<!-- store_avail 전체 행수 -->
	<select id="getTotalCountPage" resultType="integer">
		select count(*) as cnt from store_avail
	</select>

	<!-- storeInfo 모달(입점여부 등록) -->
	<resultMap id="storeInfo" type="AdminManageVO">
		<result property="s_id" column="s_id" />
		<result property="catem_name" column="catem_name" />
		<result property="s_name" column="s_name" />
		<result property="s_bnum" column="s_bnum" />
		<result property="s_email" column="s_email" />
		<result property="s_tel" column="s_tel" />
		<result property="s_addr" column="s_addr" />
		<result property="s_bank" column="s_bank" />
		<result property="s_acc" column="s_acc" />
	</resultMap>
	<select id="getStoreInfo" parameterType="AdminManageVO" resultMap="storeInfo">
		select s.s_id, c.catem_name, s.s_name, s.s_bnum, s.s_email, s.s_tel, s.s_addr, s.s_bank, s.s_acc
		from store s, cate_main c
		where c.catem_code=s.catem_code
		and s.s_id=#{s_id}
	</select>
	
	<!-- store_avail insert -->
	<update id="storeAvailInsert" parameterType="AdminManageVO" >
		update store_avail
		set ma_id=#{ma_id}, sa_date=sysdate, sa_content=#{sa_content}
		where s_id=#{s_id}
	</update>

</mapper>