<?xml version="1.0" encoding="UTF-8"?>
<!DOCTYPE mapper PUBLIC "-//mybatis.org//DTD Mapper 3.0//EN" "http://mybatis.org/dtd/mybatis-3-mapper.dtd">

<mapper namespace="AdminQnADao">

	<!-- ResultMap 설정 -->
	<resultMap id="QnAResult" type="AdminQnAVO">
		<result property="qna_code" column="QNA_CODE" />
		<result property="qna_title" column="QNA_TITLE" />
		<result property="qna_content" column="QNA_CONTENT" />
		<result property="qna_reply" column="QNA_REPLY" />
		<!-- QNA_QDATE와 QNA_ADATE를 문자열로 매핑 -->
		<result property="qna_qdate" column="QNA_QDATE"
			javaType="String" jdbcType="VARCHAR" />
		<result property="qna_adate" column="QNA_ADATE"
			javaType="String" jdbcType="VARCHAR" />
		<result property="m_id" column="M_ID" />
	</resultMap>

	<!-- QnA 목록 조회 -->
	<select id="getQnAList" parameterType="AdminQnAVO" resultMap="QnAResult">
    SELECT QNA_CODE, QNA_TITLE, QNA_CONTENT, QNA_REPLY,
           TO_CHAR(QNA_QDATE, 'DD/MM/YY') AS QNA_QDATE,
           TO_CHAR(QNA_ADATE, 'DD/MM/YY') AS QNA_ADATE,
           M_ID
    FROM (
        SELECT QNA_CODE, QNA_TITLE, QNA_CONTENT, QNA_REPLY,
               QNA_QDATE, QNA_ADATE, M_ID, ROWNUM AS RN
        FROM (
            SELECT QNA_CODE, QNA_TITLE, QNA_CONTENT, QNA_REPLY,
                   QNA_QDATE, QNA_ADATE, M_ID
            FROM QNA
            ORDER BY NVL(QNA_REPLY, '0') ASC, QNA_QDATE DESC -- NVL 함수를 사용하여 QNA_REPLY가 NULL인 경우 '0'으로 대체하여 오름차순 정렬 후, QNA_QDATE 기준으로 내림차순 정렬
        )
    )
    WHERE RN BETWEEN #{firstNum} AND #{endNum}
</select>




	<!-- QnA 전체 행 수 조회 -->
	<select id="getTotalCountPage" resultType="integer">
		SELECT COUNT(*) AS cnt
		FROM QNA
	</select>

	<!-- 특정 QnA 정보 조회 -->
	<select id="getQnAInfo" parameterType="AdminQnAVO"
		resultMap="QnAResult">
		SELECT QNA_CODE, QNA_TITLE, QNA_CONTENT, QNA_REPLY,
		TO_CHAR(QNA_QDATE, 'DD/MM/YY') AS QNA_QDATE,
		TO_CHAR(QNA_ADATE, 'DD/MM/YY') AS QNA_ADATE,
		M_ID
		FROM QNA
		WHERE QNA_CODE = #{qna_code}
	</select>

	<!-- QnA 정보 업데이트 -->
	<update id="updateAdminInfo" parameterType="AdminQnAVO">
		UPDATE QNA SET
		QNA_REPLY = #{qna_reply},
		QNA_QDATE = SYSDATE,
		QNA_ADATE = SYSDATE
		WHERE QNA_CODE = #{qna_code}
	</update>

</mapper>
