<?xml version="1.0" encoding="UTF-8"?>
<!DOCTYPE mapper PUBLIC "-//mybatis.org//DTD Mapper 3.0//EN" "http://mybatis.org/dtd/mybatis-3-mapper.dtd">

<mapper namespace="categoryDAO">
	
	
	<!-- 대분류 전체 리스트 -->
	<select id="getCateMain" resultType="categoryVO">

		select * from cate_main

	</select>
	
	<!-- 중분류 전체 리스트 -->
	<select id="getCateMidList" resultType="categoryVO">

		select * from cate_mid

	</select>

	<!-- 조건에 맞는 중분류 카테고리 리스트 가져오기 -->
	<select id="getCateMid" parameterType="Integer" resultType="categoryVO">

		select * from cate_mid where catem_code = #{cateCode}

	</select>
	
	<!-- 조건에 맞는 소분류 카테고리 리스트 가져오기 -->
	<select id="getCateSub" parameterType="Integer" resultType="categoryVO">
	
		select * from cate_sub where catemm_code = #{cateCode}
	
	</select>
</mapper>
