<?xml version="1.0" encoding="UTF-8"?>
<!DOCTYPE mapper PUBLIC "-//mybatis.org//DTD Mapper 3.0//EN"
"http://mybatis.org/dtd/mybatis-3-mapper.dtd">

<mapper namespace="CustomerOrderListDAO">

<!-- 주문제작 결제내역 전체 페이지 수 계산 -->
<select id="getCountPageTotal" parameterType="String" resultType="Integer">	
select count(*) as total_count
from pay p
join final_order fo on p.fo_code = fo.fo_code
join orderinfo o on fo.o_code = o.o_code
join member m on o.m_id = m.m_id
where m.m_id = #{m_id}		
</select>

<!-- 주문제작 결제내역 페이지에 해당 하는 데이터 추출-->
<select id="getPayList" parameterType="hashmap" resultType="customerPay">

<![CDATA[	  
select
    p_code,
    fo_code,
    fo_date,
    p_date,
    p_sum,
    p_ck,
    p_ck_date
from
    (
        select
            rownum as r_num,
            p_code,
            fo_code,
            fo_date,
            p_date,
            p_sum,
            p_ck,
            p_ck_date
        from
            (
                select
                    rownum,
                    p.p_code,
                    p.fo_code,
                    fo.fo_date,
                    p.p_date,
                    p.p_sum,
                    p.p_ck,
                    p.p_ck_date
                from
                    pay p
                join
                    final_order fo on p.fo_code = fo.fo_code
                join
                    orderinfo o on fo.o_code = o.o_code
                join
                    member m on o.m_id = m.m_id
                where
                    m.m_id = #{id}
                order by
                    p.p_code desc
            )
    )
where
    r_num >= #{orderFirstNum} and r_num <= #{orderEndNum}
order by
    p_code desc
]]>
</select>

<!-- 플리마켓 결제내역 전체 페이지 수 계산 -->
<select id="getFleaCountPageTotal" parameterType="String" resultType="Integer">	
select count(*) as total_count
from flea_pay fp
join flea f on fp.f_code = f.f_code
join store s on s.s_id = f.s_id
join cate_sub c on c.cates_code = f.cates_code
where fp.m_id = #{m_id}		
</select>

<!-- 플리마켓 결제내역 페이지에 해당 하는 데이터 추출-->
<select id="getFleaPayList" parameterType="customerOrderList" resultType="customerPay">

<![CDATA[	  
select
    fp_code,
    s_name,
    cates_name,
    fp_count,
    fp_date,
    fp_sum,
    fp_ck,
    fp_ckdate
from
    (
        select
         	rownum as r_num,
    		fp_code,
    		s_name,
    		cates_name,
    		fp_count,
    		fp_date,
   		 	fp_sum,
    		fp_ck,
    		fp_ckdate
        from
            (
                select
                    rownum,
                    fp.fp_code,
                    s.s_name,
                    c.cates_name,
                    fp.fp_count,
                    fp.fp_date,
                   	fp.fp_sum,
                    fp.fp_ck,
                    fp.fp_ckdate
                    from 
                    	flea_pay fp
					join
						 flea f on fp.f_code = f.f_code
					join 
						store s on s.s_id = f.s_id
					join 
						cate_sub c on c.cates_code = f.cates_code
					where 
						fp.m_id = #{id}	                 
               		order by
                    	fp.fp_code desc
            )
    )
where
    r_num >= #{fleaFirstNum} and r_num <= #{fleaEndNum}
order by
    fp_code desc
]]>
</select>
	
<!-- 플리마켓 결제내역 결제취소 요청하기 insert -->
<insert id="insertFleaPayCancel" parameterType="customerPay">
	insert into pay_cancel(fp_code, pc_code, pc_date, pc_why) values (#{fp_code}, pc_code_sqn.nextval, sysdate, #{pc_why})
</insert>

<!-- 주문제작 결제내역 반품 요청하기 insert -->
<insert id="insertOrderPayReturn" parameterType="customerPay">
	insert into return(p_code, rt_code, rt_date, rt_why) values (#{p_code}, rt_code_sqn.nextval, sysdate, #{rt_why})
</insert>

<!-- 주문제작 결제내역 결제취소 요청하기 insert -->
<insert id="insertOrderPayCancel" parameterType="customerPay">
	insert into cancel(p_code, can_code, can_date, can_why) values (#{p_code}, can_code_sqn.nextval, sysdate, #{can_why})
</insert>


</mapper>