<?xml version="1.0" encoding="UTF-8"?>
<!DOCTYPE mapper PUBLIC "-//mybatis.org//DTD Mapper 3.0//EN"
"http://mybatis.org/dtd/mybatis-3-mapper.dtd">

<mapper namespace="CustomerDAO">

<!-- 마이페이지 고객정보 조회 -->
<select id="getCustomerInfo" parameterType="String" resultType="customerMyPage">
	select * from member where m_id = #{id}
</select>

<!-- 마이페이지 고객정보 업데이트-->
<update id="updateMypageInfo" parameterType="customerMyPage" >
	update member set
	m_pass = #{m_pass},
	m_tel = #{m_tel}, 
	m_email = #{m_email}
	where m_id = #{m_id}
</update>

<!-- 고객QnA 모달 작성하기 insert -->
<insert id="insertQnA" parameterType="String">
	insert into qna(qna_code, qna_title, qna_content, qna_qdate, m_id) values (qna_code_sqn.nextval, #{qna_title}, #{qna_content}, sysdate, #{m_id})
</insert>

<!-- 고객QnA 모달 답변 조회 -->
<select id="getCustomerQnAA" parameterType="Integer" resultType="customerQnA">
	select qna_code, qna_title, qna_adate, qna_reply from qna where qna_code = #{qna_code}
</select>

<!--  고객 Q&A 전체 페이지 수 계산  -->
<select id="getCountPageTotal" parameterType="String" resultType="Integer">
	select count(*) from qna where m_id = #{m_id}
</select>

<!-- 전체 페이지 수 계산 쿼리-->
<select id="getReviewConuntTotal" parameterType="String" resultType="Integer">
	select count(*) from review re, pay p, final_order fo, orderinfo oi 
	where re.p_code = p.p_code 
	and p.fo_code = fo.fo_code 
	and fo.o_code = oi.o_code 
	and oi.m_id = #{id} 
</select>


<!-- Q&A 페이지에 해당 하는 데이터 추출-->
<select id="getQnAList" parameterType="customerQnA" resultType="customerQnA">

<![CDATA[
		select 
			qna_code
		     , qna_title
		     , qna_qdate
		     , qna_adate
		from qna
		where qna_code in (select qna_code
		from (select rownum as r_num, qna_code from (select rownum, qna_code from qna where m_id = #{m_id} order by qna_code desc))
		where r_num >= #{firstNum} and r_num <= #{endNum})
		order by qna_code desc
]]>
</select>

</mapper>