<?xml version="1.0" encoding="UTF-8"?>
<!DOCTYPE mapper PUBLIC "-//mybatis.org//DTD Mapper 3.0//EN" "http://mybatis.org/dtd/mybatis-3-mapper.dtd">

<mapper namespace="MainRealTimeReviewDao">

    <!-- view 실행 -->
    <select id="getreviewList" resultType="realtimeVO" parameterType="realtimeVO">
        SELECT *
        FROM (
            SELECT
                rt.RV_CODE, rt.RV_CONTENT, rt.RV_DATE, rt.RV_LIKE, rt.RV_STAR, rt.P_CODE,
                prt.RVP_PSIZE, prt.RVP_PNAME, prt.RVP_SPNAME, prt.RVP_PPATH,
                ROW_NUMBER() OVER (ORDER BY rt.RV_LIKE DESC) AS rn
            FROM
                review_test rt
            JOIN
                photo_review_test prt ON rt.RV_CODE = prt.RV_CODE
        ) sub
        WHERE
            sub.rn BETWEEN #{firstNum} AND #{endNum}
    </select>

    <!-- getTotalCountPage 실행(전체 페이지 수 조회) -->
    <select id="getTotalCountPage" resultType="int">
        SELECT COUNT(*) AS cnt
        FROM review_test
    </select>

    <!-- reviewUpdate 실행(좋아요 업데이트) -->
    <update id="updateLikeCount" parameterType="integer">
        UPDATE review_test
        SET RV_LIKE = RV_LIKE + 1
        WHERE RV_CODE = #{reviewId}
    </update>

    <!-- getUpdatedLikes 실행(좋아요 업데이트 후 좋아요 조회) -->
    <select id="getUpdatedLikes" resultType="int" parameterType="int">
        SELECT RV_LIKE
        FROM review_test
        WHERE RV_CODE = #{reviewId}
    </select>

</mapper>
