<?xml version="1.0" encoding="UTF-8"?>
<!DOCTYPE mapper PUBLIC "-//mybatis.org//DTD Mapper 3.0//EN" "http://mybatis.org/dtd/mybatis-3-mapper.dtd">

<!-- 유승민 사용 매퍼 -->
<mapper namespace="storeOrderListDao">

<!-- 페이징을 위한 전체 행 개수 구하는 SQL 문 -->
<select id="getStoreOrderListCount" parameterType="String" resultType="Integer">

	select count(*) from orderinfo where s_id = #{storeID}

</select>

<!-- 해당 하는 페이지에 출력할 행을 구하는 SQL문 -->
<select id="getStoreOrderList" parameterType="storeOrderList" resultType="storeOrderList">

<![CDATA[
	select
	oi.o_code,
	oi.o_content,
	oi.m_id,
	to_char(oi.o_date,'yyyy-mm-dd') as o_date,
	oi.s_id,
	m.m_name 
	from orderinfo oi, member m
	where o_code in ( select o_code
 		from (select rownum as r_num, o_code from (select rownum,o_code from orderinfo where s_id = #{s_id} order by o_code desc))
 		where r_num >= #{firstNum} and r_num <= #{endNum})
 		and oi.m_id = m.m_id
 	order by o_code desc
]]>

</select>

<!-- 주문 상세 요청(기타) 리스트 구하는 SQL문  -->
<select id="getStoreOrderEtc" parameterType="Integer" resultType="customerEtcList">

	<![CDATA[
	select  
	et.ETC_CODE, 
	et.ETC_SPNAME, 
	o.O_CODE, 
	et.ETC_TYPE_CODE, 
	et.ETC_PPATH, 
	et.ETC_PNAME, 
	et.ETC_PSIZE, 
	et.ETC_CONTENT, 
	et.ETC_DATE,
	o.s_id,
	o.m_id,
	o.O_CONTENT,
	o.o_date,
	m.m_name,
	st.s_name
	from orderinfo o, etc et, member m, store st 
	where o.o_code = et.o_code(+) 
	and o.m_id = m.m_id 
	and o.s_id = st.s_id  
	and o.o_code = #{o_code} 
	order by ETC_CODE
	]]>

</select>

<!-- 최종 주문서를 구하는 SQL문  -->
<select id="getFinalOrder" parameterType="Integer" resultType="customerFinalOrder">
	
	select * from final_order where o_code = #{o_code}

</select>

<!-- 최종 주문서 insert -->
<insert id="insertFinalOrderInfo" parameterType="customerFinalOrder">

	insert into final_order(
		fo_code,
		o_code,
		cates_code,
		deli_code,
		fo_date,
		fo_sum,
		fo_num,
		fo_size,
		fo_etc
	) values(
		fo_code_sqn .nextval,
		#{o_code},
		#{cates_code},
		#{deli_code},
		to_date(sysdate,'yyyy-mm-dd hh24:mi:ss'),
		#{fo_sum},
		#{fo_num},
		#{fo_size},
		#{fo_etc}		
	)

</insert>

<select id="getStoreFinalOrder" parameterType="Integer" resultType="customerFinalOrder">

	select 
	fo.fo_code,
	fo.o_code,
	cs.cates_code,
	cm.catemm_code,
	cs.cates_name,
	cm.catemm_name,
	de.deli_type,
	fo.fo_date,
	fo.fo_sum,
	fo.fo_num,
	fo.fo_size,
	fo.fo_etc 
	from final_order fo, cate_sub cs, cate_mid cm, deli de 
	where 
	fo.cates_code = cs.cates_code 
	and cs.catemm_code = cm.catemm_code 
	and fo.deli_code = de.deli_code 
	and fo.fo_code in (select max(fo_code) from final_order where o_code= #{o_code})

</select>

<update id="updateFinalOrderinfo" parameterType="customerFinalOrder" >

	update final_order
	set 
		deli_code = #{deli_code},
		fo_date = sysdate,
		fo_sum = #{fo_sum},
		fo_num = #{fo_num},
		fo_size = #{fo_size},
		fo_etc = #{fo_etc},
		cates_code = #{cates_code}
	where fo_code = #{fo_code}
	
</update>

<insert id="insertStoreEtc" parameterType="customerEtcList">

	insert into etc(
		etc_code,
		o_code,
		etc_type_code,
		etc_content,
		etc_date
	) values (
		etc_code_sqn.nextval,
		#{o_code},
		#{etc_type_code},
		#{etc_content},
		to_char(sysdate,'yyyy-mm-dd hh24:mi:ss')
	)

</insert>

<select id="getCateMainName" parameterType="String" resultType="categoryVO">

	select st.catem_code, cm.catem_name 
	from store st, cate_main cm 
	where st.catem_code = cm.catem_code
	and st.s_id = #{id}
	
</select>

</mapper>
