<?xml version="1.0" encoding="UTF-8"?>
<!DOCTYPE mapper PUBLIC "-//mybatis.org//DTD Mapper 3.0//EN"
"http://mybatis.org/dtd/mybatis-3-mapper.dtd">

<mapper namespace = "StoreGoodsSUDAO">

	<!-- 전체 리스트 조회 -->
	<select id="storeGoodsMainPage" parameterType="storeGoodsSU" resultType="storeGoodsSU">
	
	select g.g_code, g.s_id, g.g_content, cs.cates_name, g.cates_code, cm.catemm_name, cm.catemm_code, c.catem_name, c.catem_code, g.g_spname
		from goods g, cate_sub cs, cate_mid cm, cate_main c 
		where s_id= #{s_id} 
		and g.cates_code=cs.cates_code 
		and cs.catemm_code=cm.catemm_code 
		and cm.catem_code=c.catem_code
		ORDER BY
		    g_date DESC
		
	</select>
	
	
	<!-- goods 작품 상세 리스트 조회 -->
	<select id="getGoodsInfo" parameterType="storeGoodsSU" resultType="storeGoodsSU">
	
		select g.g_code, g.s_id, g.g_content, cs.cates_name, g.cates_code, cm.catemm_name, cm.catemm_code, c.catem_name, c.catem_code, g.g_spname
		from goods g, cate_sub cs, cate_mid cm, cate_main c  
		 where g.g_code = #{g_code} 
		 and g.cates_code=cs.cates_code  
		 and cs.catemm_code=cm.catemm_code  
		 and cm.catem_code=c.catem_code 
		 ORDER BY
		    g_date DESC  
	</select> 
	
	
	<!-- goods_sub 작품 서브이미지 조회-->
	<select id="getGoodsSubImgInfo" parameterType="storeGoodsSU" resultType="storeGoodsSU">
	   select gs_spname
	    from goods_sub
	    where g_code = #{g_code} 
	</select>
	
	
	<!-- 수정하기 -->
	<update id="updateGoodsSU" parameterType="storeGoodsSU" >
	    UPDATE goods
	    SET  
	     cates_code = #{cates_code},  
	     g_content = #{g_content}, 
	     g_redate = sysdate
	    WHERE g_code = #{g_code}
	</update>

	<!-- 삭제하기 -->
	<delete id="deleteGoodsSU" parameterType="storeGoodsSU" >
	    DELETE from goods WHERE g_code = #{g_code}
	</delete>



</mapper>