<?xml version="1.0" encoding="UTF-8"?>
<beans xmlns="http://www.springframework.org/schema/beans"
	xmlns:xsi="http://www.w3.org/2001/XMLSchema-instance"
	xmlns:context="http://www.springframework.org/schema/context"
	xmlns:mybatis-spring="http://mybatis.org/schema/mybatis-spring"
	xsi:schemaLocation="http://mybatis.org/schema/mybatis-spring http://mybatis.org/schema/mybatis-spring-1.2.xsd
		http://www.springframework.org/schema/beans https://www.springframework.org/schema/beans/spring-beans.xsd
		http://www.springframework.org/schema/context http://www.springframework.org/schema/context/spring-context-4.3.xsd">
	
	<!-- Root Context: defines shared resources visible to all other web components -->
	
	<bean id="dataSource" class="org.springframework.jdbc.datasource.DriverManagerDataSource">
		<property name="driverClassName" value="oracle.jdbc.driver.OracleDriver"/>
		<property value="jdbc:oracle:thin:@192.168.0.93:1521:suje" name="url"/>
		<property name="username" value="suje"/>
		<property name="password" value="game"/>
	</bean> 
	
	
	<bean id="sqlSessionFactory" class="org.mybatis.spring.SqlSessionFactoryBean">
		<property name="dataSource" ref="dataSource" />
		<property name="configLocation" value="classpath:/mybatis-config.xml"></property>  <!-- 해당 경로에 mybatis 파일 추가 필요 -->
		<property name="mapperLocations" value="classpath:mappers/**/*Mapper.xml"></property>  <!-- 해당 경로에 mapper 파일 추가 필요 -->
		<property name="typeAliases">
		<list>
			<!-- 타입설정 -->
		</list>	
	</property>	
	</bean>
	 <bean id="sqlSession" class="org.mybatis.spring.SqlSessionTemplate" destroy-method="clearCache">
   		<constructor-arg name="sqlSessionFactory" ref="sqlSessionFactory"></constructor-arg>
 	</bean>
</beans>
